Workbook

Sheet JAN  (2)
A1: LAPORAN LABA RUGI PER JANUARI 2025
A2: PERIODE 1 - 31 JANUARY 2025
A4: OMSET | C4: 27017689 | E4: 67246070
A5: PERSEDIAAN AWAL | B5: 110747329 | E5: 110747329
A6: PEMBELIAN | B6: 26230000 | E6: =[1]Sheet1!$H$120 -> #ERROR!
A7: PERSEDIAAN AKHIR | B7: =107492052-12524467-127754 -> 94839831 | E7: 107492052
A9: HPP | C9: =B5+B6-B7 -> 42137498 | E9: =E5+E6-E7 -> #ERROR!
A11: LABA KOTOR | C11: =C4-C9 -> -15119809 | E11: =E4-E9 -> #ERROR!
A13: BIAYA OPERASIONAL
A14: GAJI KARYAWAN | B14: 7200000 | E14: 7200000
A15: GAJI KARYAWAN | B15: 6200000 | E15: 6200000 | F15: TABUNGAN
A16: BIAYA HARIAN | B16: 1215000 | E16: 1215000
A17: BIAYA ADMINISTRASI BANK | B17: 30000 | E17: 30000
A18: LISTRIK | B18: 380000 | E18: 380000
A22: TOTAL BIAYA | C22: =B14+B15+B16+B17+B18 -> 15025000 | E22: =C22 -> 15025000
A25: BIASA SEWA | C25: 583333.33 | E25: 583333
A28: LABA/RUGI BERSIH | C28: =C11-C22-C25 -> -30728142 | E28: =E11-E22-E25 -> #ERROR!

Sheet FEB (2)
A1: LAPORAN LABA RUGI PER FEBRUARI 2025
A2: PERIODE 1 - 28 FEBRUARY 2025
A4: OMSET | C4: 54867443 | E4: 64631100
A5: PERSEDIAAN AWAL | B5: =107492052-12524467 -> 94967585 | E5: 107492052
A6: PEMBELIAN | B6: 53269362 | E6: 73663789
A7: PERSEDIAAN AKHIR | B7: =124489632-11221300-2589273 -> 110679059 | E7: 1.2448963e+08
A9: HPP | C9: =B5+B6-B7 -> 37557888 | E9: =E5+E6-E7 -> 56666209
A11: LABA KOTOR | C11: =C4-C9 -> 17309555 | E11: =E4-E9 -> 7964891.5
A13: BIAYA OPERASIONAL
A14: GAJI KARYAWAN | B14: 7170000 | E14: 7170000
A15: GAJI KARYAWAN | B15: 5600000 | E15: 5600000 | F15: TABUNGAN
A16: BIAYA HARIAN | B16: 1171000 | E16: 1171000
A17: BIAYA ADMINISTRASI BANK | B17: 30000 | E17: 30000
A18: LISTRIK | B18: 189050 | E18: 189050
A22: TOTAL BIAYA | C22: =B14+B15+B16+B17+B18 -> 14160050 | E22: =C22 -> 14160050
A25: BIASA SEWA | C25: 583333.33 | E25: 583333
A28: LABA/RUGI BERSIH | C28: =C11-C22-C25 -> 2566171.7 | E28: =E11-E22-E25 -> -6778491.5

Sheet MARET (2)
A1: LAPORAN LABA RUGI PER MARET 2025
A2: PERIODE 1 - 31 MARET 2025
A4: OMSET | C4: 26555052 | E4: 62284450
A5: PERSEDIAAN AWAL | B5: ='FEB (2)'!B7 -> 110679059 | E5: ='FEB (2)'!E7 -> 1.2448963e+08
A6: PEMBELIAN | B6: 25781604 | E6: 35788993
A7: PERSEDIAAN AKHIR | B7: =117244670.63-6534900-276999.84 -> 1.1043277e+08 | E7: 117244670
A9: HPP | C9: =B5+B6-B7 -> 26027892 | E9: =E5+E6-E7 -> 43033955
A11: LABA KOTOR | C11: =C4-C9 -> 527159.79 | E11: =E4-E9 -> 19250495
A13: BIAYA OPERASIONAL
A14: GAJI KARYAWAN | B14: 9725000 | E14: 9725000
A15: GAJI KARYAWAN | B15: 6000000 | E15: 6000000 | F15: tabungan
A16: BIAYA HARIAN | B16: 1986600 | E16: 1986600
A17: BIAYA ADMINISTRASI BANK | B17: 30000 | E17: 30000
A18: LISTRIK | B18: 305000 | E18: 305000
A23: TOTAL BIAYA | C23: =B14+B15+B16+B17+B18 -> 18046600 | E23: =E14+E15+E16+E17+E18 -> 18046600
A26: BIASA SEWA | C26: 583333.33 | E26: 583333
A29: LABA/RUGI BERSIH | C29: =C11-C23-C26 -> -18102774 | E29: =E11-E23-E26 -> 620561.55

Sheet APRIL (2)
A1: LAPORAN LABA RUGI PER APRIL 2025
A2: PERIODE 1 - 30 APRIL 2025
A4: OMSET | C4: 51982184 | E4: 85547165
A5: PERSEDIAAN AWAL | B5: ='FEB (2)'!B7 -> 110679059 | E5: ='MARET (2)'!E7 -> 117244670
A6: PEMBELIAN | B6: 50468139 | E6: 65960540
A7: PERSEDIAAN AKHIR | B7: ='MARET (2)'!B7-[2]Sheet1!$F$161-[2]Sheet1!$F$162 -> #ERROR! | E7: 107364209
A9: HPP | C9: =B5+B6-B7 -> #ERROR! | E9: =E5+E6-E7 -> 75841001
A11: LABA KOTOR | C11: =C4-C9 -> #ERROR! | E11: =E4-E9 -> 9706164
A13: BIAYA OPERASIONAL
A14: GAJI KARYAWAN | B14: 9049000 | E14: 9725000
A15: GAJI KARYAWAN | B15: 6000000 | E15: 6000000 | F15: tabungan
A16: BIAYA HARIAN | B16: 1099200 | E16: 1099200
A17: BIAYA ADMINISTRASI BANK | B17: 30000 | E17: 30000
A18: LISTRIK | B18: 361500 | E18: 361500
A19: BIAYA ADMINISTRASI BANK | B19: 30000 | E19: 300000
A23: TOTAL BIAYA | C23: =B14+B15+B16+B17+B18+B19 -> 16569700 | E23: =E14+E15+E16+E17+E18 -> 17215700
A26: BIASA SEWA | C26: 583333.33 | E26: 583333
A29: LABA/RUGI BERSIH | C29: =C11-C23-C26 -> #ERROR! | E29: =E11-E23-E26 -> -8092869

Sheet MEI
A1: LAPORAN LABA RUGI PER MEI 2025
A2: PERIODE 1 - 31 MEI 2025
A4: OMSET | C4: 51982184 | E4: 85547165
A5: PERSEDIAAN AWAL | B5: ='FEB (2)'!B7 -> 110679059 | E5: ='MARET (2)'!E7 -> 117244670 | G5: BELUM
A6: PEMBELIAN | B6: 50468139 | E6: 65960540
A7: PERSEDIAAN AKHIR | B7: ='MARET (2)'!B7-[2]Sheet1!$F$161-[2]Sheet1!$F$162 -> #ERROR! | E7: 107364209
A9: HPP | C9: =B5+B6-B7 -> #ERROR! | E9: =E5+E6-E7 -> 75841001
A11: LABA KOTOR | C11: =C4-C9 -> #ERROR! | E11: =E4-E9 -> 9706164
A13: BIAYA OPERASIONAL
A14: GAJI KARYAWAN | B14: 9049000 | E14: 9725000
A15: GAJI KARYAWAN | B15: 6000000 | E15: 6000000 | F15: tabungan
A16: BIAYA HARIAN | B16: 1099200 | E16: 1099200
A17: BIAYA ADMINISTRASI BANK | B17: 30000 | E17: 30000
A18: LISTRIK | B18: 361500 | E18: 361500
A19: BIAYA ADMINISTRASI BANK | B19: 30000 | E19: 300000
A23: TOTAL BIAYA | C23: =B14+B15+B16+B17+B18+B19 -> 16569700 | E23: =E14+E15+E16+E17+E18 -> 17215700
A26: BIASA SEWA | C26: 583333.33 | E26: 583333
A29: LABA/RUGI BERSIH | C29: =C11-C23-C26 -> #ERROR! | E29: =E11-E23-E26 -> -8092869

Sheet Sheet2

Sheet Sheet3
